{
  "project_info": {
    "project_number": "1076890920744",
    "firebase_url": "https://login-15f87.firebaseio.com",
    "project_id": "login-15f87",
    "storage_bucket": "login-15f87.appspot.com"
  },
  "client": [
    {
      "client_info": {
        "mobilesdk_app_id": "1:1076890920744:android:397e0108d2cb66f7ba521d",
        "android_client_info": {
          "package_name": "com.example.login"
        }
      },
      "oauth_client": [
        {
          "client_id": "1076890920744-ehbr6qjm8ddc8u9lo56lm0t4a814qehf.apps.googleusercontent.com",
          "client_type": 1,
          "android_info": {
            "package_name": "com.example.login",
            "certificate_hash": "c40f3d29057aaa4dcbdc199b628a2a9f243b86cb"
          }
        },
        {
          "client_id": "1076890920744-9snuo9kll2dpr0hjpl726r0b9sqe7626.apps.googleusercontent.com",
          "client_type": 3
        }
      ],
      "api_key": [
        {
          "current_key": "AIzaSyDM-DYGELLu7kJH28cIYFScxThfY5DYXGc"
        }
      ],
      "services": {
        "appinvite_service": {
          "other_platform_oauth_client": [
            {
              "client_id": "1076890920744-9snuo9kll2dpr0hjpl726r0b9sqe7626.apps.googleusercontent.com",
              "client_type": 3
            }
          ]
        }
      }
    }
  ],
  "configuration_version": "1"
}